sentence,true_label,predicted_label,source
"These were participants with little or no experience from economic games, because, according to the SHH, there will be a negative deliberation effect on cooperation only for subjects with limited experience from economic games and other ""artificial lab environments"" (Rand et al., 2014).",1,2,ssc
"First, the higher the payoff foregone by a freerider when not receiving rewards, the more likely he/she is to act (more) cooperatively in the social dilemma game in order to attract rewards.",0,1,ssc
"Under naturally occurring circumstances, search costs and switching costs, as well as fluctuations in individual performance, tend to delay regrouping.",0,2,ssc
The results suggest that remembering an experience of rejection can trigger anger and ruminating on being rejected can trigger indirect aggression.,0,1,ssc
"We found that when people's mortality was not called to their attention, a need-focused appeal had more influence on their donation decisions than a bandwagon appeal.",2,1,ssc
"Yet, when group identification was high, both leader types appeared to be equally efficient.",1,2,ssc
"Identifying the strategy employed by players engaged in an IPD could also have wider implications for understanding the determinants of social conflicts in general, and help to design effective methods for ameliorating these problems.",0,1,ssc
More intelligent subjects were significantly more likely to vote for whichever of FS or IS was associated with higher earnings ex post.,0,1,ssc
Our studies suggest that sometimes coordination can be easily promoted by simply pointing out to people that certain information is available to all people involved.,1,0,ssc
"In many social-game protocols, ranging from gift-exchange over ultimatum bargaining to public-good situations, human behaviour differs substantially from the Nash-equilibrium that results if we assume that players care only about their own monetary payoff.",1,2,ssc
"Consequently, our results indicate that emoticons mainly affect behavior through the communication channel provided with it (feedback as pre-play communication).",2,0,ssc
"In two behavioral experiments, we offer individuals the latter possibility: Participants can work together to increase the total size of the pie and hence increase the size of their own slice.",1,2,ssc
"The alternative model predicts the following predictions: P 1 : When there is no tax imposed, individual contributions will exceed 5. P 2 : When a tax of 3 is imposed, total individual contributions will exceed the individual contributions made when there is no tax imposed.",1,2,ssc
It is therefore possible that the higher rates of cooperation in PD are (partly) due to the smaller size of the action set.,0,2,ssc
The fothfun mechanism thus leads to less cooperation than in the baseline case with no punishment if the detrimental effect of retaliatory punishment is greater than the positive norm-enforcing effect of punishment.,1,2,ssc
The paying taxes label should then lead to contributions comparable to those participants who do not spontaneously associate the public goods game with teamwork.,2,1,ssc
"For the present purposes, we opted against counterbalancing, due to the demands that this would have placed on the number of different sequential arrangements, as well as a balanced distribution of young and old girls and boys.",2,1,ssc
"If industries can relocate easily, then the level of pollution would depend on the country with the weakest environmental regulation.",2,1,ssc
"We find that contributions are 56.6% higher when group composition is different across both public goods dilemmas as compared to when composition is the same across the two public goods dilemmas (M 1 = 17.7,",2,1,ssc
"Without data on both expectations and contributions, it can be difficult to identify the strategies adopted by participants in economic games, a necessary step to test fully theories of cooperation.",1,2,ssc
If all participants adopt the strategy of never using the bus then they will each receive an earning of £25.,1,2,ssc
"First, models of information signaling have shown that sequential giving can have beneficial effects for voluntary public good provision when the common value of the public good is uncertain.",1,2,ssc
"The extent of individual cooperation tends to be higher among high-identifying individuals, either because they place greater value in the good itself (De Cremer & Van Vugt, in press;Kerr, 1996), because they have greater trust in the cooperative intentions of fellow group members (Brann & Foddy, 1987;Brewer & Kramer, 1986;Kramer & Brewer, 1984), or both.",0,1,ssc
"As a consequence, confounding effects such as reputation building through punishment or strategic reasons for punishing to increase cooperation in repeated interactions, as shown by Gächter et al. (2004) and Gächter and Herrmann (2009), can be excluded and a clear theoretical benchmark for standard preferences can be derived.",0,2,ssc
"In our study, by perceiving the punishment executer to be human, we show that such a rule could emerge spontaneously because the rule benefits the punishment executers themselves.",2,1,ssc
"Because the cooperate-cooperate outcome produces more wealth than any other, optional entry will increase social welfare.",2,1,ssc
"Thus, we compare people who hold the evoked identity to people who are familiar with, but who do not hold, that identity: if identity is important in the current effects, those who do not hold the evoked identity will not be affected by identity-salience manipulations.",1,2,ssc
"Otherwise, if the accumulated gain explains the behaviour of the birds but the one trial gain does not, then the birds are making decisions based on the four trial reward and are playing a mutualism game.",1,2,ssc
"The individual -group discontinuity effect entails that in mixed-motive situations, such as the Prisoner's Dilemma game (PDG), intergroup interactions are more competitive than inter-individual interactions.",1,2,ssc
These results suggest that the shared outcomes involved in cooperation did increase cohesiveness.,2,1,ssc
"When players have the option of punishing each other after the contribution stage, the effect of the moral messages on contributions becomes persistent: punishments and moral messages interact to sustain cooperation.",1,2,ssc
"Fear is associated with the goal to avoid risk, which in a social dilemma induces a tendency to avoid exploitation or loss.",1,2,ssc
"Although further investigation of long-term and prospective studies  is needed, we identified four variables as predisposing factors for higher major  amputation in diabetic patients through meta-analysis.",0,2,pubmed
We found that informal care significantly reduced the subjective well-being of female caregivers,0,2,haber
"Results suggest that weight change is associated with diabetes incidence because, conditional upon initial BMI, weight change determines attained BMI.",0,2,haber
"The prospective, positive associations between increased physical activity at baseline and higher e-cigarette use 6 months later is of concern.",0,1,haber
Nighttime surgery not a factor in survival for heart and lung transplants,0,2,press_release
"Discrimination was related to poorer adjustment in terms of loneliness, anxiety, and somatization",0,1,haber
An increasing number of midlife vascular risk factors was significantly associated with elevated amyloid SUVR.,0,1,haber
"Increasing individual- and neighborhood-level safety over time were associated with decreasing BMI over the 10-year period, with a more pronounced effect observed in women for individual-level safety and men for neighborhood-level safety.",0,1,haber
"In this longitudinal population-based study, we found that, after adjustment for familial confounding, epilepsy was not associated with increased risk of violent crime, questioning expert opinion that has suggested a causal relationship.",0,1,haber
"Latent difference score models revealed a significant difference in depression and anxiety symptoms over the two measurement occasions, indicating poorer psychological functioning for those who reported an impact as a result of the economic slowdown",0,2,haber
Diabetes can be predicted 7 years before pregnancy with blood sugar and body weight,0,2,press_release
"Premature babies are more likely to survive when they are born in high-level neonatal intensive care units (NICUs) than in hospitals without such facilities, and this benefit is considerably larger than previously reported.",0,2,press_release
"Smoking, head injury, pesticide exposure, farming and less education may be risk factors for a rare sleep disorder that causes people to kick or punch during sleep, according to a study published in the June 27, 2012, online issue of Neurology&reg;, the medical journal of the American Academy of Neurology.",0,2,press_release
"IL-1β levels after STEMI were strongly associated with impaired myocardial function and noninfarct LV mass after 1 year, suggesting a potential role for IL-1β as a predictor of maladaptive myocardial remodelling following reperfused MI.",0,1,haber
Intake of skimmed milk was associated with lower cancer mortality with a hazard ratio of 0.97 (95% CI 0.96–1.00) per doubling in milk intake.,0,1,haber
"Low 25(OH)vitamin  D levels are associated with the presence of NAFLD independently from metabolic  syndrome, diabetes and insulin-resistance profile.",0,2,haber
"Use of CAD during screening mammography among Medicare enrollees is associated with increased DCIS incidence, the diagnosis of invasive  breast cancer at earlier stages, and increased diagnostic testing among women  without breast cancer.",0,1,haber
"Hospitals with exceptional rates of survival for in-hospital cardiac arrest are also better at preventing cardiac arrests, even after adjusting for patient case mix.",0,2,haber
"But joint custody seems to be less problematic than sole custody, the findings suggest.",0,1,press_release
"Screening mammography use in older Medicare beneficiaries seems to reflect their 4-year risk of mortality rather than age alone, suggesting that patients and providers consider prognosis in screening decisions.",0,1,haber
"These findings suggest that current WHO-recommended ART regimens appear relatively safe in pregnancy, although more data are required to understand the aetiology of preterm delivery in HIV-infected women using ART",0,1,haber
"In this large cohort, exposure to PPIs during the first trimester of pregnancy was not associated with a significantly increased risk of major birth defects.",0,1,haber
"2 trajectories presented increased hazards of dying: trajectory 1 (stable overweight; moderately impaired, then declining, cognitive function and autonomy) and trajectory 6 (stable normal BMI; slight cognitive decline; and moderate, then degrading, loss of autonomy).",0,1,haber
This study provides evidence from China that long term exposure to ambient PM at relatively high concentrations is positively associated with incident stroke and its major subtypes.,0,1,haber
"Known by many as one of the least favorite wintertime chores, shoveling snow can also be hazardous and is associated with many serious, even fatal events among both adults and children.",0,2,press_release
"There was an association between physical activity (per SD increase) and grey matter volume after adjustment for a range of covariates, although this association was only detected in older adults(>60 years old).",0,1,haber
"Afatinib, with or without vinorelbine, showed activity in trastuzumab-naïve HER2-positive IBC patients in a planned subgroup analysis. HER2-positive IBC is characterized by frequent TP53 gain-of-function mutations and a high mutational burden. The high mutational load associated with HER2-positive IBC suggests a potential role for checkpoint inhibitor therapy in this disease",0,1,haber
Employed people with incident diseases had an unsurprisingly increased risk of leaving the labor market,0,1,haber
"In conclusion, among community living older men, higher phosphorus levels are associated with low ABI and are also associated with high ABI in
persons with CKD",0,1,haber
"The greatest mortality risk was associated with residing in communities in the most disadvantaged deciles for poverty.  Survival decreased with increasing numbers of
indicators that were in the most disadvantaged decile.",0,1,haber
The risk of developing atrial fibrillation (an irregular or abnormally fast heart beat) or bradyarrhythmias (a heart beat that is too slow) was greater among skiers who completed a higher number of races and with a faster finishing time relative to other participants.,0,1,press_release
Amphetamine use was associated with a greater risk of psychosis than methylphenidate.,0,1,haber
"For Tdap (n=173), there were no significant differences in
vaccine uptake between study arms",0,1,haber
Use of these prescriptions may be associated with an increased risk of subsequent opioid use and abuse.,0,1,haber
"A moderate level of muscular strength is associated with a lower risk of type 2 diabetes, independent of estimated CRF.",0,2,haber
"The study supports a J-shaped association between alcohol and mortality in older adults,
which remains after adjustment for cancer risk. The results indicate that intakes below 1
drink per day were associated with the lowest risk of death.",0,1,haber
The Part D coverage gap was associated with decreased use of medications,0,1,haber
"We demonstrate a significant socio-economic gradient in mental health between the ages of three and nine years, but little evidence for negative effects of large sibship size.",0,2,haber
"In the fully adjusted model, those with an ACB of >3 had 59% relative risk of incident stroke {hazard ratio [HR] [95% confidence interval (CI) 1.59 [1.34–1.89]} and 86% relative risk of stroke mortality [1.86 (1.37–2.53)] compared with those in ACB 0 category.",0,1,haber
The most consistently identified environmental risk factor for meningioma is exposure to ionizing radiation.,0,2,press_release
"Men and women are more likely to make a positive health behavior change if their partner does too, and with a stronger effect than if the partner had been consistently healthy in that domain.",0,1,haber
Men with low free and bioavailable testosterone levels may have a higher risk of mortality within 9 years of hormone measurement.,0,1,haber
"In Denmark, risk of epilepsy was increased in children with hospital-diagnosed pertussis infections compared with the general population",0,1,haber
"The Stockholm and Helsinki CT scores provide more information on the damage sustained, and give a more accurate outcome prediction, than earlier classification systems",0,2,haber
"Healthcare professional weight loss advice appears to increase the accuracy of
firefighter weight perceptions, promote weight loss attempts, and may encourage dieting and physical activity behaviors among overweight firefighters.",0,1,haber
"The risk of dengue was higher in rural than in urban areas, largely explained by lack of piped water supply, and in human population densities more often falling within the critical range.",0,1,haber
"In advanced-stage type 2 diabetes, TeLiPro can improve glycemic control and may offer new options to avoid pharmacological intensification.",0,1,pubmed
"Noninjection use of crystal methamphetamine predicted subsequent injection initiation, and crystal methamphetamine was the most commonly used drug at the time of first injection.",0,1,haber
Obesity in diabetic patients with CHD was associated with lower  cardiovascular and cardiac mortality risks compared with absence of obesity.,0,2,haber
CUSE was able to distinguish between benign and malignant breast masses with high sensitivity and specificity.,0,2,pubmed
"Although overall errors were unchanged, harmful medical errors decreased and family experience and communication processes improved after implementation of a structured communication intervention for family centered rounds coproduced by families, nurses, and physicians.",0,1,haber
Low and high mean HbA1c values were associated with increased all-cause mortality and cardiac events.,0,1,haber
"Among patients in the UK General Practice Research Database, the use of oral bisphosphonates was not significantly associated with incident esophageal or gastric cancer.",0,1,haber
We observed no significant difference in left ventricular reverse remodeling or survival at 12 months between patients who underwent mitral-valve repair and those who underwent mitral-valve replacement,0,1,haber
"Compared with statin non-initiators (n = 5583), statin initiators (n = 5597) had a lower propensity score-adjusted risk for death (hazard ratio 0.79; 95% confidence interval [CI], 0.71-0.88) and cardiovascular hospitalizations (hazard ratio 0.90; 95% CI, 0.82-1.00).",0,1,haber
there was a statistically significant but modest association between higher frequency of digital media use and subsequent symptoms of ADHD,0,1,haber
We found that  early-life SEP was associated with the development of periodontitis in adulthood  that was not mediated by adulthood SEP and behaviors,0,1,haber
"Results indicate that residence in a South Central Asian enclave is associated with less prenatal smoking and earlier prenatal care, but not with birthweight- or gestational-age related outcomes, among immigrant mothers from India",0,1,haber
"Among people with metabolic syndrome, physical activity was associated with reduced mortality from all causes and from cardiovascular causes.",0,1,haber
A higher consumption of processed meat was associated with a higher risk of impairment in agility and lower-extremity function,0,1,haber
Speed bumps could be a new way to help diagnose appendicitis,0,1,press_release
"Overall, women with MS had an increased risk of infections and preterm delivery; however, their risks for other adverse pregnancy outcomes were not elevated.",0,2,haber
"Our results provide no support for a hazard of myeloid leukaemia, nasopharyngeal carcinoma or other upper airways tumours from formaldehyde",0,1,haber
Women who experienced a first CVD event before  age 35 years had a twofold risk of menopause before age 45 years (early menopause).,0,1,haber
"Among older individuals with COPD, new use of long-acting β-agonists and anticholinergics is associated with similar increased risks of cardiovascular events.",0,1,haber
... estimates show that for short-term welfare recipients FDP decreased the prevalence of anxiety by 40% and increased depression by 8%. For black women both anxiety and depression diagnoses declined while Hispanic women experienced a 68% increase in depression,0,2,haber
"Bilateral oophorectomy is associated with a higher risk of multimorbidity, even
after adjustment for conditions present at baseline and for several possible confounders.",0,1,haber
"Our results show a direct correlation between in vivo 25-hydroxyvitamin D levels and the number of VDR binding sites, although our sample size is relatively small.",0,2,haber
"Although there was a high prevalence of current bisphos-phonate use among patients with atypical fractures, the absolute risk was small.",0,1,haber
"Age- and gender-adjusted premature mortality (death before age 70 years) was more likely among those living in the most disadvantaged areas versus least disadvantaged (hazard ratio [HR] = 1.48; 95% confidence interval [CI] = 1.08, 2.01), living in inner regional versus major urban areas (HR = 1.36; 95% CI = 1.07, 1.73), or having the lowest educational level versus the highest (HR = 1.64; 95% CI = 1.17, 2.30).",0,1,haber
"In-hospital mortality and late mortality were lower in the surgically treated group (26.6% vs 41.8%; absolute risk reduction [ARR], -15.2%; P=.004 and 29.7% vs 46.2%; ARR, -16.5%; P=.002, respectively). Operation was independently associated with a lower risk of in-hospital mortality (odds ratio, 0.42; 95% CI, 0.22-0.79; P=.007). Operation was associated with reduced mortality in patients with paravalvular complications (ARR, -40.5%), severe heart failure (ARR, -32%), and native valve endocarditis (ARR, -17.8%).",0,1,haber
Newly diagnosed schizophrenia patients were more prone to insulin resistance in our study population.,0,2,pubmed
Patients with raised d-dimer levels after discontinuing anticoagulant therapy for VTE provoked by a minor transient risk factor were at an increased risk for recurrences.,0,1,haber
Community health workers performed as well as or better than nurses as counselors or case managers in a self-help diabetes management program in a Korean American community.,0,2,haber
"In this large prospective study, higher plant protein intake was associated with lower total and CVD-related mortality",0,1,haber
"After adjusting for maternal age, marital status, education, pregnancy intention, stressful life events, third-trimester use of tobacco and alcohol and gestational age at delivery, physical violence by an intimate partner around the time of pregnancy was positively but non-significantly associated with excessive (but not deficient) gestational weight gain",0,1,haber
"Fetal reduction to
twins and singletons was not associated
with a decreased risk of serious neonatal
morbidity or perinatal death.",0,1,haber
implementation of community-based testing and treatment was associated with an increased proportion of HIV-positive adults who achieved viral suppression,0,1,haber
"The overall risk of first venous thromboembolism in pregnant women increased during admissions to hospital not related to delivery, and remained significantly higher in the 28 days after discharge.",0,1,haber
The patterns of increases in VTE and ischemic stroke rates among transfeminine persons are not consistent with those observed in cisgender women.,0,2,haber
Primary care nurses play a pivotal role in self-management support for patients with a chronic condition.,0,2,pubmed
"Emphysema-like lung on CT was associated with all-cause mortality among persons without airflow obstruction or COPD in a general population sample, particularly among smokers.",0,1,haber
"Our results showed, to our knowledge for the first time, that adherence to the DGA was associated with lower total and cause-specific mortality in a low-income population, including a large proportion of African-Americans, living in the southeastern US.",0,1,haber
"A new study recently published in the American Journal of Transplantation reveals that the ability to successfully carry a pregnancy after kidney transplantation is very high, with 73.5% live birth rates.",0,2,press_release
"In this population-based case-control study of 221 patients with idiopathic inflammatory myositis and 662 age- and sex-matched controls, there was a statistically significant 79% increased likelihood of statin exposure in patients with idiopathic inflammatory myositis compared with controls.",0,1,haber
Higher ambient temperatures above a threshold of 20°C seem to be associated with a transiently increased risk of myocardial infarction 1-6 hours after exposure.,0,1,haber
Some men voice complaints of shortened penis following prostate cancer treatment,0,2,press_release
Medicare patients with a complication produced a 190% higher margin.,0,2,press_release
"Living in a household with a prescription opioid user may increase risk of prescription opioid use, which may reflect both increased access to these products as well as shared risk factors, such as prescriber preference and prescription drug monitoring.",0,1,haber
"High physical activity was associated with a lower risk of colon cancer; in mediation analyses, this association was accounted for (by Proportions of Explained Effect): waist circumference; the biomarkers soluble leptin receptor; and 5-hydroxyvitamin D",0,1,haber
"After controlling for patient demographic characteristics and clinical factors, patients who did not complete a scheduled transition clinic appointment had nearly three times higher odds of readmission compared with patients who completed a transition clinic appointment (Adjusted Odds Ratio 2.80, p = 0.004).",0,1,haber
"In its first year, the 3PC population-based primary care payment system in Hawaii was associated with small improvements in quality and a reduction in PCP visits but no significant difference in the total cost of care",0,1,haber
"Discrimination was related to poorer adjustment in terms of loneliness, anxiety, and  somatization, but family conflict and cohesion modified these relations.",0,1,haber
"Pre-eclampsia was associated with an increased risk of dementia,  particularly vascular dementia. Cardiovascular disease, hypertension, and diabetes  were unlikely to mediate the associations substantially, suggesting that  pre-eclampsia and vascular dementia may share underlying mechanisms or  susceptibility pathways.",0,1,haber
The BMI-matched analysis suggests that fear of surgery is a relevant factor in why obese patients do not decide to undergo bariatric surgery lightly.,0,2,pubmed
CFF results were significantly lower amongst carriers of the GLS long micro satellite,0,2,haber
The study also found earlier onset of menopause was associated with a higher risk of developing osteoporosis.,0,2,press_release
Pregnancy is associated with a substantial risk of a serious motor vehicle crash during the second trimester.,0,1,haber
Hypertension appears to be associated with a doubling of the risk of future ESRD in an otherwise healthy adolescent population.,0,1,haber
"Among patients with incident acute myocardial infarction without prior cardiovascular disease, in-hospital mortality was inversely related to the number of coronary heart disease risk factors.",0,1,haber
"Our findings suggest angiotensin II receptor blockers, β-adrenergic receptor blockers, and calcium channel blockers might be associated with improved survival outcomes of gastrointestinal cancers.",0,1,haber
"""The links between chronic obstructive pulmonary disease and anaemia are already well known, but our study also shows that anaemia is frequently found in patients with severe non-inflammatory respiratory diseases"" says lead author Dr Florian Kollert from the Department of Rheumatology and Clinical Immunology, University Medical Centre, Freiburg, Germany.",0,2,press_release
"In this large cohort study of older adults, serum 25(OH)D levels were inversely associated with incident diabetes in women but not in men.",0,2,haber
"Antibiotic treatment of diarrhoea was associated with reduced time to a subsequent diarrhoea episode, especially among younger infants.",0,1,haber
"In this population-based study, statin use was associated with a higher  prevalence of musculoskeletal pain, particularly in the lower extremities, among  individuals without arthritis",0,1,haber
"Alpha-blocker therapy was associated with an increased risk of ischemic stroke during the early initiation period, especially among patients who were not taking other antihypertensive agents.",0,1,haber
The best-performing nursing homes are sued only marginally less than the worst-performing ones.,0,2,haber
Increased hospital orthopaedic specialisation is associated with improved patient outcomes after adjusting for both patient characteristics and hospital procedural volume.,0,1,haber
Left atrial diameter has a graded and independent association with all-cause mortality in both sexes and with ischemic stroke in women.,0,1,haber
Patients with YOD had the highest hospitalization rates by attained age.,0,2,haber
"Patients with blood pressure of 130–159/70–89 mmHg had the lowest adjusted mortality, and those in whom both SBP and DBP were concomitantly very high or very low had the highest mortality",0,1,haber
Systemic sclerosis complications more severe in African Americans than Caucasians,0,2,press_release
"Split liver transplantation carries no increased risk of failure in either recipient, allowing surgeons to safely save two lives from a single donated organ (graft), according to new research from Boston Children's Hospital published online in the Journal of the American College of Surgeons.",0,2,press_release
"Patients with breast or colon cancer who participated in the 18-week exercise intervention showed
significant higher levels of moderate-to-vigorous total physical activity levels and a tendency towards lower physical
fatigue levels 4 years post-baseline.",0,2,haber
"The admission BSS, a simple inexpensive bedside nursing assessment potentially reflecting frailty and overall illness acuity, was independently associated with hospital and postdischarge mortality when added to established multiparametric illness severity scores among contemporary CICU patients.",0,1,haber
"Among individuals with HIV in rural Kenya and Uganda, implementation of  community-based testing and treatment was associated with an increased proportion of  HIV-positive adults who achieved viral suppression, along with increased HIV diagnosis and initiation of antiretroviral therapy",0,1,haber
Mayo Clinic researchers confirmed that patients who receive therapeutic hypothermia after resuscitation from cardiac arrest have favorable chances of surviving the event and recovering good functional status.,0,2,press_release
Our results provide evidence that obesity is associated with methylation changes in  blood leukocyte DNA.,0,1,haber
Screening mammograms catch second breast cancers early,0,2,press_release
"Care for older men with cancer in the VHA system
was generally similar to or better than care for fee-for-service
Medicare beneficiaries, although adoption of some expensive new
technologies may be delayed in the VHA system.",0,1,haber
Women with an initial EP have a lower chance of conception than those who miscarry but an increased risk of a repeat EP in comparison with all three comparison groups.,0,1,haber
"We found that in this cohort of mostly married and White women, who completed their pregnancies before the legalization of abortion, unwanted pregnancies were strongly associated with poorer mental health outcomes in later life.",0,1,haber
"In summary, 5.0% of deaths among women and 9.5 % of deaths among men were attributable to alcohol in Denmark 2010.",0,1,haber
These results indicate a U-shaped association between fish consumption and all-cause mortality,0,1,haber
"Two-way interaction tests suggested that in young and middle adulthood, individuals were more likely to drink alcohol when they used a firearm or hanging (compared with poisoning), but in older adulthood, the reverse was true, with alcohol use more likely with poisoning.",0,1,haber
"Among community-dwelling decedents of the Health and Retirement Study, there
was an independent association between obesity and reduced hospice service utilization, and inhome death, and higher Medicare expenditures in the last six months of life.",0,1,haber
Rate of chronic health problems for low birth weight children does not increase in adolescence,0,2,press_release
"Overall, higher levels of PTD [22% vs 13%; odds ratio (OR) 1.94, 95% confidence interval (CI): 1.34, 2.82] and LBW (14% vs 9%; OR 1.62, 95% CI: 1.05, 2.29) were observed in HIV-infected vs uninfected women, although SGA deliveries were similar (9% vs 11%; OR 1.06, 95% CI: 0.71, 1.61).",0,1,haber
"Soft drink consumption is significantly linked to overweight, obesity, and diabetes worldwide, including in low- and middle-income countries",0,2,haber
Thinner diabetics face higher death rate,0,2,press_release
This is the first study to look at this association.,0,2,press_release
"In the US Medicare population from 2000 to 2012, short-term exposures to PM2.5 and warm-season ozone were significantly associated with increased risk of mortality.",0,1,haber
"The largest differences between SNAP participants and non participants were observed at grocery stores and big box stores, where SNAP households purchased more calories from starchy vegetables, processed meat, desserts, sweeteners and toppings, total junk food, sugar-sweetened beverages, and milk than income -eligible and higher-income SNAP nonparticipants",0,1,haber
"An examination of the benefit of preventive placement of implantable cardioverter-defibrillators (ICDs) in patients with a less severe level of heart failure, a group not well represented in clinical trials, finds significantly better survival at three years than that of similar patients with no ICD, according to a study in the June 4 issue of JAMA.",0,2,press_release
"Among women age 30–44 years of age without a history of infertility, who had been trying to conceive for 3 months or less, biomarkers indicating diminished ovarian reserve, compared to normal ovarian reserve, were not associated with reduced fertility.",0,1,haber
"During the 15-year period studied, childhood agression corresponded to an increase in medical visits (8.1% per 1 standard deviation increase in agression), and injuries (10.7%) or lifestyle-related illnesses (44.2%), visits to specialists (6.2%) and visits to emergency departments (12.4%).",0,1,haber
"Older patients undergoing cardiac surgery often experience changes in cognitive function, such as memory problems or an inability to focus, in the days immediately following their operations.",0,2,press_release
We observed an independent negative association between frequent cannabis use and frequent illicit opioid use among PWUD with chronic pain.,0,1,haber
"Compared with the reference  group (persistently high socioeconomic circumstances), participants in other groups had elevated levels of depression (for upward mobility, multivariate odds ratios  (OR) = 1.21; intermediate socioeconomic position, 1.28; downward mobility, 1.66;  persistently low socioeconomic position, 1.82).",0,1,haber
"Compared with use of other second or third  line antidiabetic drugs, use of DPP-4 inhibitors, and possibly GLP-1 receptor  agonists, might be associated with an increased risk of cholangiocarcinoma in adults  with type 2 diabetes.",0,1,haber
Moving to more–socioeconomically deprived neighborhoods was associated with weight gain among DHS participants.,0,1,haber
"Results of this large, prospective cohort study in women with more than 20 years of follow up indicate a consistent link between migraine and cardiovascular disease events, including cardiovascular mortality",0,1,haber
"Most nutrition-related parameters were correlated to frailty, but only low vitamin D was associated with
higher risk for mortality across levels of frailty",0,1,haber
We found that women with PCOS have an increased rate of NAFLD.,0,2,haber
"Ever use of estradiol-only therapy was associated with an increased risk of meningioma (standardized incidence ratio = 1.29, 95%  confidence interval: 1.15, 1.44).",0,1,haber
"Controlling for other demographic characteristics, women with at least secondary education were more likely to have an in-facility delivery compared to women who had not attended school; Similarly, women from households with the highest expenditure were more likely to deliver in a health facility compared to those from the lowest expenditure households",0,1,haber
"Age, female sex, BMI, non-HDL cholesterol, and polyps are independent determinants for gallstone formation.",0,2,pubmed
"Total fruit intake was associated with lower risk of CVD and CHD mortality, with a 6–7 %
reduction in risk for each 80 g/day portion consumed (99 % CI 0.89, 1.00 and 0.85, 1.01 respectively).",0,1,haber
"PM⁄DM patients with ILD had significantly
higher median serum KL-6 levels compared with
those without ILD: 995 (range 533–2318) versus 322
(range 132–1225) U mL)1 (P = 0.0002).",0,2,haber
"NJ’s decal provision was associated with a sustained decline in intermediate driver
crashes.",0,1,haber
Initial treatment with an efavirenz-containing antiretroviral  regimen was associated with a 2-fold increased hazard of suicidality compared with a regimen without efavirenz,0,1,haber
Associations between workplace factors and CVD risk factors in mid-adulthood arise  in part from social and health disadvantage originating earlier in life.,0,1,haber
"Preoperative SUA was associated with increased incidence and risk for acute kidney  injury, higher postoperative SCr values, and longer hospital length of stay and  duration of mechanical ventilation support in patients undergoing cardiac surgery.",0,2,haber
"First-degree family history was associated with increased risk
of invasive breast cancer in all subgroups of older women irrespective of a relative’s age at
diagnosis.",0,1,haber
"""The presence of persistent bilateral global nephrograms suggests an increased risk of AKI,
dialysis, and mortality when compared with patients whose kidneys fully eliminated the contrast material.""",0,2,haber
Obtaining a weekly PAI score of at least 100 was associated with lower mortality risk from CVD and all causes in individuals with CVD regardless of whether the current PA recommendations were met.,0,1,haber
addition of nighttime intensivist staffing to a low-intensity daytime staffing model was associated with reduced mortality,0,1,haber
The findings may help explain why people with apple-shaped bodies are more likely than those with pear-shaped bodies to develop kidney disease.,0,1,press_release
"Among women with GD identified by contemporary criteria
compared with those without it, GD was significantly associated with a higher maternal risk
for a disorder of glucose metabolism during long-term follow-up after pregnancy. Among
children of mothers with GD vs those without it, the difference in childhood overweight or
obesity defined by body mass index cutoffs was not statistically significant; however,
additional measures of childhood adiposity may be relevant in interpreting the study findings.",0,1,haber
"The method used at an unsuccessful suicide attempt predicts later completed suicide, after adjustment for sociodemographic confounding and psychiatric disorder.",0,1,haber
Inpatient sleeping drug quadrupled fall risk,0,2,press_release
"Our findings indicate that having an episode of TGA does not increase the risk of subsequent cerebrovascular events, seizures, or cognitive impairment",0,2,haber
"In this community-based cohort, smoking cessation was associated with a  lower risk of CVD events among participants without diabetes, and weight gain that  occurred following smoking cessation did not modify this association.",0,1,haber
"Utilizing individual-level (March Current Population Survey) and country-level data (the United Nations Human Development Reports), we show that among immigrants who have resided in the U.S. between 6 and 20 years, self-reported health is more favorable for the immigrants in the former category (i.e., greater income inequality) than those in the latter (i.e., lower income inequality).",0,1,haber
"In a cohort of Danish children, receipt of live MMR vs inactivated DTaP-IPV-Hib as the most recent vaccine was associated with a lower rate of hospital admissions for any infections.",0,1,haber
"Latent difference score models revealed a significant difference in depression and anxiety symptoms over the two measurement occasions, indicating poorer psychological functioning for those who reported an impact as a result of the economic slowdown.",1,2,haber
These relations  are mediated in part by BMI.,1,0,pubmed
"In this cohort of Spanish individuals with elevated intake of fish and a high adherence to the Mediterranean diet, consumption of blue fish and n-3 PUFA had a prospective protective association with deficits accumulation.",1,2,haber
Our findings showed that children with possible developmental coordination disorder were at greater risk of overweight and obesity than children without the disorder.,1,2,haber
"CHD incidence in women increases progressively with BMI, an association consistently seen in different subgroups.",1,2,haber
"Genetic predisposition to elevated LDL-C was associated with presence of aortic valve calcium and incidence of aortic stenosis, providing evidence supportive of a causal association between LDL-C and aortic valve disease.",1,2,haber
"Patients receiving higher doses of prescribed opioids are at increased risk for overdose, which underscores the need for close supervision of these patients.",1,0,haber
Hyperemesis gravidarum during the second trimester is more likely to cause placental complications,1,2,press_release
No additional increased risk of CMs was observed in children of men with TGCC treated with radio- or chemotherapy.,1,2,haber
"Increasing recreational and non-recreational PA are associated with a lower risk of mortality and CVD events in low, middle and high income countries",1,0,haber
Our findings suggest potential value in motor execution of the phantom limb as a treatment for phantom limb pain.,1,0,haber
Refugees face an increased risk of schizophrenia and other non-affective psychotic  disorders compared with non-refugee migrants from similar regions of origin and the  native-born Swedish population.,1,0,haber
Increased hospital orthopaedic specialisation is associated with improved patient outcomes after adjusting for both patient characteristics and hospital procedural volume,1,0,haber
"In two phase 3 trials, tildrakizumab 200 mg and 100 mg were efficacious compared with placebo and etanercept and were well tolerated in the treatment of patients with moderate-to-severe chronic plaque psoriasis.",1,2,haber
A new study suggests that the common diabetes medication metformin may be considered for use in the prevention or treatment of ovarian cancer.,1,0,press_release
an inexpensive intervention to improve drinking water’s convenience by providing cups can increase student water consumption.,1,0,haber
Discharge against medical advice is associated with over twice the odds of all-cause unplanned 30-day readmission compared with routine discharge,1,0,haber
"These findings constitute a convincing evidence to pursue aggressive ULT in gout patients, regardless of race/ethnicity.",1,0,haber
Nasopharyngeal carcinoma was detected significantly earlier and outcomes were better in participants who were identified by screening than in those in a historical cohort,1,0,haber
"""Results suggest a potential moderating role of BMI in low back pain outcomes.""",1,0,pubmed
"The results of this study support the findings from the prelicensure clinical trials, providing reassurance that the zoster vaccine is generally safe and well-tolerated with a small increased risk of allergic reactions in 1-7 days after vaccination",1,2,haber
An increasing number of midlife vascular risk factors was significantly associated with elevated amyloid SUVR; this association was not significant for late- life risk factors,1,0,haber
Johns Hopkins researchers identify conditions most likely to kill encephalitis patients,1,2,press_release
Levels of Hb are reduced during the first year of use of ACE-Is and to a lesser extent with use of ARBs,1,2,haber
"Evictions decreased after Medicaid expansion, demonstrating further evidence of the substantive financial protections afforded by this coverage.",1,2,haber
The txt2stop smoking cessation programme significantly improved smoking cessation rates at 6 months and should be considered for inclusion in smoking cessation services.,1,2,haber
"Despite the  association between appropriateness category and obstructive CAD, this study raises  concerns about the ability of the appropriate use criteria to guide clinical  decision making.",1,2,haber
Nutritional risk seems to be additionally negatively challenged by utilisation of PPI due to gastric malabsorption and anaemia.,1,0,pubmed
"For every 4 kg/m2 increase in BMI, observational estimates suggested a 26% increase in odds for IHD while causal estimates suggested a 52% increase.",1,2,haber
"In Raynaud's phenomenon, laboratory markers that can be attributed to a chronic inflammatory state independently yield prognostic information in addition to the presence of abnormal nailfold capillaries and ANA.",1,2,haber
"However, all users of amiodarone had very markedly elevated serum desmosterol concentrations: the desmosterol-to-cholesterol ratio (102 × μmol mmol−1) averaged 1030.7 ± 115.7 (mean ± SE) in the amiodarone + group versus 82.7 ± 3.4 and 75.9 ± 1.4 in the amiodarone − and the population control groups (P < 0.001), respectively.",1,2,haber
"We found  that worry was common in this group (65%), that worry was often about current life  concerns (e.g., lacking financial resources, children not attending school, health  concerns, concerns about relatives in Cambodia), and that worry often induced panic  attacks: in the entire sample, 41% (83/201) of the patients had ""worry attacks""  (i.e., worry episodes that resulted in a panic episode) in the last month.",1,2,haber
"ANC attendance is protective against neonatal mortality in the LMICs studied, although differences exist across countries and regions.",1,2,haber
findings suggest that individual- and area-level unemployment have a negative impact on smoking cessation among African Americans,1,2,haber
"Adolescent and young adult lesbians may be less likely to initiate HPV
vaccination compared to their heterosexual counterparts.",1,0,haber
We found that patients with lower income had better pain outcomes compared to patients with higher income,1,0,haber
ACA increased coverage,1,2,haber
Our results support the potential beneficial effect of GPi DBS on disabling tic reduction and improvement of quality of life.,1,0,haber
Use of amiodarone was associated with on average 12-fold serum desmosterol concentrations compared with the control groups. This observation is fully novel and suggests that amiodarone interferes with the conversion of desmosterol to cholesterol in the cholesterol synthesis pathway.,1,0,haber
Patients with breast or colon cancer who participated in the 18-week exercise intervention showed significant higher levels of moderate-to-vigorous total physical activity levels and a tendency towards lower physical fatigue levels 4 years post-baseline.,1,2,haber
"Disparities in vaccine uptake by insurance status were present in the FQHCs studied here, despite the fact that HPV vaccines are available to many patients regardless of ability to pay.",1,2,haber
"sUA may be an early biomarker for subclinical atherosclerosis in young adults; starting in early middle age, sUA predicts subclinical atherosclerosis independently of BMI",1,0,haber
"Metabolic disorders in this population may be due to HIV infection or lifestyle (smoking, sedentary lifestyle and inadequate diet).",1,0,pubmed
"Short telomeres were associated observationally and causal, genetically with increased risk of Alzheimer’s disease",1,0,haber
Detection and treatment of secondary lipid targets such as high TG and low HDL-C levels may be important for the prevention of cardiovascular diseases.,1,0,pubmed
"Available data do not allow conclusions on the comparative efficacy of different surgical techniques; the choice of the surgical technique for a single patient remains an open question, and it is likely that the degree of prevention of CV diseases depends, among other factors, on the baseline conditions of patients.",1,0,pubmed
The pharmacodynamic effects and safety profile of inclisiran were similar in study participants with normal and impaired renal function.,1,0,haber
"We demonstrate a significant socio-economic gradient in mental health between the ages of three and nine years, but little evidence for negative effects of large sibship size",1,2,haber
"In this elderly population, the incidence of infective endocarditis around CRC diagnosis was substantially higher than around the diagnosis of lung, breast and prostate cancers",1,0,haber
"The more transitions people made  in/out of social housing, the greater the impact on mental health and psychological  distress, supporting the case for provision of more stable forms of social housing.",1,0,haber
The paradoxical  association between overweight and mortality is reversed in analyses incorporating  weight history,1,0,haber
"Reduced growth velocity between 28 and 36 weeks’ gestation among fetuses born AGA is associated with antenatal, intrapartum and neonatal indicators of placental insufficiency",1,0,haber
"Treatment with t-E2 modestly improved sexual function in early postmenopausal women, but whether it relieved symptoms of distress is not known.",1,0,haber
"Controlling potential confounders, cooking with biomass was found to be an independent and strong risk factor for depression.",1,2,haber
The study did not support an overall effect of post-diagnosis low-dose aspirin use on prostate cancer mortality.,1,0,haber
The combination of CBT-based group counselling and HBCSS-based weight management is feasible for overweight or obese individuals.,1,0,haber
"Village-wide distribution of single-dose oral ciprofloxacin within 72 hours of case notification
reduced overall meningitis AR",1,2,haber
Medicare beneficiaries with higher utilization of primary care have lower CRC incidence and mortality,1,0,haber
Acute stress reaction is a risk factor for completed suicide.,1,0,haber
"Overall, women with MS had an increased risk of infections and preterm delivery; however, their risks for other adverse pregnancy outcomes were not elevated.",1,2,haber
Both static and dynamic analyses suggested that corruption had a detrimental effect on mental health.,1,2,haber
"Point-of-care CD4 testing enabled clinics to stage patients rapidly on-site after enrolment, which reduced opportunities for pretreatment loss to follow-up.",1,2,haber
"In both studies, there were significant improvements in the primary end point in both lumacaftor–ivacaftor dose groups; the difference between active treatment and placebo with respect to the mean absolute improvement in the percentage of predicted FEV1
 ranged from 2.6 to 4.0 percentage points (P<0.001), which corresponded to a mean relative treatment difference of 4.3 to 6.7% (P<0.001).",1,2,haber
"Liraglutide added to high-dose insulin therapy improved glycemic control, decreased body weight, and enhanced treatment satisfaction in this difficult-to-treat patient population with  high-dose insulin requiremet",1,0,haber
It suggests a genetic pre-disposition involving the dopaminergic signalling pathways known to play a role in food reward and satiety linked mechanisms.,1,0,pubmed
Cardiac vagal modulation at baseline predicts level of CRP 4 years later.,1,2,haber
"Soft drink consumption is significantly linked to overweight, obesity, and diabetes worldwide",1,2,haber
"Breastfed children who were not supplemented, particularly those breastfed more than 1 year, appear to have lower vitamin D status.",1,2,haber
": High-dose oral multivitamins and multiminerals did not statistically significantly reduce
cardiovascular events in patients after MI who received standard medications.",1,0,haber
"Endogenous testosterone was positively associated
with thromboembolism, heart failure, and myocardial
infarction in men",1,0,haber
Endocarditis is a substantial clinical marker for presence of occult cancer.,1,2,haber
People using oral bisphosphonates for the first time may be at a higher risk of scleritis and uveitis compared to people with no bisphosphonate use,1,0,haber
"Slowed processing speed can have substantial implications for independent  functioning, supporting the potential importance of early implementation of an exercise intervention among patients with breast cancer.",1,0,pubmed
The Pilates method could be used as an alternative to improve mood disorders in overweight/obese individuals.,1,0,pubmed
"LBW is associated with infant and later child and adolescent mortality, with perinatal factors and congenital malformations explaining many of the deaths.",1,2,haber
Our results provide evidence of the risk of DILI in tuberculosis patients on standard treatment.,1,2,haber
"The ACSD project did not accelerate child survival in Benin and Mali focus districts relative to comparison areas, probably because coverage for effective treatment interventions for malaria and pneumonia were not accelerated, causes of neonatal deaths and undernutrition were not addressed, and stock shortages of insecticide-treated nets restricted the potential effect of this intervention",1,2,haber
A strong association was observed between education and lung cancer.,1,2,haber
[Our results] provide empirically suggestive evidence of increasing risk of T2D on ALS in the East Asian population,1,0,haber
"The PPV for AN was 57.0% in aspirin users, 30.0% in NAAA users, and 50.0% in DAPT users, without statistically significant differences between the user and nonuser groups.",1,2,haber
"Although not significant, IR levels decreased over time, which could be indicative of a clinical improvement.",1,2,pubmed
"Although poverty measured by expenditure or wealth is associated with health disparities or health
outcomes, a composite indicator of health poverty based on coverage is more likely to focus attention on health
problems and solutions",1,0,haber
his study provides compelling evidence for a link between pSTAT3 and trastuzumab resistance in HER2-positive primary breast cancers,1,0,haber
pharmacodynamic effects and safety profile of inclisiran were similar in study participants with normal and impaired renal function,1,0,haber
"Overall, findings suggest that individual- and area-level unemployment have a negative impact on smoking cessation among African Americans.",1,2,haber
Epilepsy is an independent determinant for gastrointestinal hemorrhage in a chronological and severity-dependent pattern,1,2,haber
"The diagnosis of biceps tendinitis (OR, 3.5) or long  head of the biceps tearing (OR, 5.1) at or before the time of surgery was an especially significant risk factor for revision surgery.",2,1,pubmed
"Despite initial favourable effects on hemodynamic parameters, hydrocortisone therapy did not reduce mortality and was associated with an increase in adverse effects.",2,0,haber
Our results suggest that isovolumetric substitution of water or fresh juice for bottled juice was inversely associated with T2D incidence in a long-term prospective study.,2,1,pubmed
This in turn leads to a significant increase in overall survival.,2,0,press_release
"Compared with azithromycin, coprescription of a statin with clarithromycin or erythromycin was associated with a higher risk for hospitalization with rhabdomyolysis (absolute risk increase, 0.02% [95% CI, 0.01% to 0.03%]; relative risk [RR], 2.17 [CI, 1.04 to 4.53]) or with acute kidney injury (absolute risk increase, 1.26% [CI, 0.58% to 1.95%]; RR, 1.78 [CI, 1.49 to 2.14]) and for all-cause mortality (absolute risk increase, 0.25% [CI, 0.17% to 0.33%]; RR, 1.56 [CI, 1.36 to 1.80]).",2,1,haber
Diabetes mellitus and first-degree family history of cancer are associated with an increased risk of sporadic PNET.,2,1,pubmed
Our study showed that paternal age was associated with the relative rate of stillbirth in a J-shaped manner with the highest hazard ratios among fathers aged more than 40 years,2,1,haber
"There was greater adverse influence of NAFLD per se on triglyceride,  and triglyceride/HDL-cholesterol in men compared with women.",2,0,pubmed
These findings from a large prospective cohort provide evidence that  suboptimal selenium status in Europeans may be associated with an appreciably increased risk of HCC development.,2,1,pubmed
"In old patients with prior fracture, alendronate treatment reduces the risk of hip fracture
with sustained safety, indicating that this treatment should be considered in these high-risk
patients.",2,0,haber
"Susceptibility to smoking among students of 6th grade is associated with being male, family dysfunction and having ever smoked in life.",2,1,pubmed
Children who were given CPR by a bystander had a significantly higher rate of favourable neurological outcome than did those not given CPR,2,0,haber
"After the introduction of rotavirus vaccination for infants, significant declines for three full years were observed in under-5-y diarrhea-related mortality and hospital admissions for diarrhea in Brazil. The largest reductions in diarrhea-related mortality and hospital admissions for diarrhea were among children younger than 2 y, who were eligible for vaccination as infants, which suggests that the reduced diarrhea burden in this age group was associated with introduction of the rotavirus vaccine",2,1,haber
"Among young survivors of first myocardial infarction followed-up longitudinally, smoking cessation is associated with lower risk of cancer.",2,1,haber
"Among HIV-exposed uninfected infants, cCMV infection was associated with adverse perinatal outcomes.",2,1,pubmed
"Patients who had previously undergone BF were better prepared for their procedure; however, satisfaction levels after the procedure were similar in both groups.",2,0,pubmed
"In a large population of critically ill adults, an association exists between nutrition status and mortality.",2,1,pubmed
"Compared with hospital admission with septic shock during quarters of normal use, hospital admission during quarters of shortage was associated with an increased rate of in-hospital mortality.",2,1,haber
These practices can serve as indicators of progressive trends in family centered care.,2,0,pubmed
"Our results suggest that non-responders to statin therapy are more likely to actually be non-adherers, since they have more characteristics that are viewed as indicators of high self-perceived health and low disease awareness, possibly making the subjects less adherent to study medication.",2,1,pubmed
These data suggest that patients with psoriasis are more susceptible to vascular diseases.,2,0,pubmed
Adopting a home-like model of residential care may be associated with reduced prevalence and costs of PIMs.,2,1,pubmed
"LDL-C levels\\xa0<25 or\\xa0<15 mg/dl on alirocumab were not associated with an increase in overall treatment-emergent adverse event rates or neurocognitive events, although cataract incidence appeared to be\\xa0increased\\xa0in the group achieving LDL-C levels\\xa0<25 mg/dl.",2,1,pubmed
"Cases of refractory diabetic macular edema that did not respond to previous treatment, such as anti-vascular endothelial growth factor injections and laser photocoagulation, exhibited improvements in visual acuity and decreases in retinal thickness after IVD implantation.",2,0,pubmed
"Between 2005-2006 and 2013-2014, the prevalence of chronic conditions increased across all segments of the childbearing population.",2,1,pubmed
CARES’ multifaceted intervention was successful in increasing Pap and mammography screening in this multiethnic under-screened population.,2,0,haber
There was no significant difference in inpatient and post-discharge mortality between children admitted with diarrhea alone and those with other diagnoses excluding severe pneumonia.,2,1,haber
Participating in 3 h·wk(-1) of vigorous-intensity activity is associated with a 22% lower risk of MI among men.,2,1,pubmed
Ovarian cancer patients were at an increased risk of developing ischemic stroke,2,0,haber
"Among chronically ill people, this vaccine offered protection against laboratory confirmed H1N1 infection but only offered non-significant protection against influenza related hospital admissions confirmed as H1N1 infection.",2,1,haber
A physical activity-friendly school environment is associated with lower risk of obesity.,2,1,pubmed
"Integrated care management according to the ABC pathway resulted in a significantly lower rate of CVEs, suggesting a clear benefit of a holistic approach to optimize the management of patients with AF.",2,0,haber
"The annual reduction in provision of mental illness beds was associated with the rate of involuntary admissions over the short to medium term, with the closure of two mental illness beds leading to one additional involuntary admission in the subsequent year",2,1,haber
"High-grade prostate cancer was more common in the finasteride group than in the placebo group, but after 18 years of follow-up, there was no significant between-group difference in the rates of overall survival or survival after the diagnosis of prostate cancer.",2,1,haber
"Our results highlight the enhancing effect of diabetes mellitus on hepatocarcinogenesis in noncirrhotic, interferon-treated patients with hepatitis C virus.",2,0,haber
"The use of DAPT increased the rate of positive FIT results. Use of aspirin, NAAAs, or both
did not modify the PPV for AN in this population-based colorectal screening program.",2,0,haber
Findings of this study demonstrated that there was a significant improvement in dietary diversity of adolescents in intervention schools.,2,0,pubmed
Neighborhood disadvantage may be a powerful regulator of ASCVD event risk,2,1,haber
"Poor metabolic health, irrespective of BMI was associated with greater depressive symptoms at the start of follow-up, whereas a poorer course of depressive symptoms over time was observed only in those with both obesity and poor metabolic health.",2,1,pubmed
"Injection of IncoA via a customized approach improved PD tremor on a clinical scale and patient perception, with a low occurrence of significant hand weakness.",2,0,haber
The drinking habits among adults during midlife affect the atherosclerotic process and sustained heavy drinking is associated with an increased cIMT compared to stable moderate drinkers.,2,0,haber
"""We found a positive relationship between alcohol consumption and breast cancer risk, suggesting that this modifiable risk factor should be addressed in breast cancer prevention programs in Africa.""",2,0,pubmed
"Compared with testing using the Carpenter-Coustan criteria, the IADPSG criteria for diagnosis of GDM were associated with higher rates of GDM, cesarean delivery, shoulder dystocia, and neonatal intensive care unit admission.",2,1,pubmed
"Our results were not consistent with PDE5 inhibitors being causally associated with melanoma risk, and strongly suggest that observed risk increases are driven by greater sun exposure among patients exposed to a PDE5 inhibitor.",2,1,haber
"The PCERM systematically under-predicted ASCVD event risk among patients from
disadvantaged communities.",2,1,haber
"A 25-cent-per-drink alcohol tax increase would reduce excessive drinking, and higher-risk drinkers would pay the substantial majority of the net tax increase.",2,1,haber
"After total thyroidectomy, increases in weight and serum cholesterol  were observed in the eSCH group.",2,0,pubmed
"In contrast to results of large randomized trials, statins were independently and significantly associated with lower mortality risk in our real-life HF cohort, including patients with nonischemic HF etiology.",2,1,haber
The Part D coverage gap was associated with decreased use of  medications for hypertension and hyperlipidemia in patients with no gap coverage and  generic-only gap coverage.,2,1,haber
"Paracetamol-codeine combination overdoses are rarely associated with severe respiratory depression, with only two given naloxone and none intubated for respiratory depression.",2,1,pubmed
"In the present study, large tumour size and positive or uncertain margin status were associated with a higher risk of death from breast cancer after treatment for primary DCIS.",2,1,pubmed
"Assuming causality, we estimated that 11% of the SCC lip cancer cases could be attributed to hydrochlorothiazide use.(95%CI: 5.7–10.5).",2,1,haber
"Six months after RYGB, systemic inflammation was reduced in both supplementation schemes.",2,0,pubmed
"Findings suggest that e-cigarettes may hold promise as a smoking-cessation method
and that they are worthy of further study using more-rigorous research designs.",2,1,haber
"In a genome wide meta-analysis of two independent cohorts from UK and Finland, we identified potential associations at three distinct loci.",2,0,pubmed
Severe maternal hearing loss is associated with  significantly increased adolescent distress.,2,1,haber
"In this large multinational study, treatment with SGLT-2i versus other glucose-lowering drugs was associated with a lower risk of HHF and death, suggesting that the benefits seen with empagliflozin in a randomized trial may be a class effect applicable to a broad population of patients with type 2 diabetes  mellitus in real-world practice.",2,1,pubmed
"The On the Move group exercise program was more effective
at improving mobility than a usual-care exercise program, despite lower attendance.",2,0,haber
"Using within-individual models, there was an overall association between SSRIs and violent crime convictions (hazard ratio [HR] = 1.19, 95% CI 1.08–1.32, p < 0.001, absolute risk = 1.0%).",2,1,haber
"Early cART reduced mortality among individuals with low CD4 counts and improved retention in care,
regardless of CD4 count.",2,1,haber
"After implementation of the combined intervention, the likelihood of women’s reports of disrespectful treatment during childbirth was substantially reduced.",2,1,haber
The Medicaid expansion did not appear to improve smoking cessation,2,1,haber
Results suggest that two repair processes may be present in the area where RPE tears developed.,2,1,pubmed
"MAR-conceived children face an elevated risk of adverse birth outcomes.
However, our results indicate that this increased risk is largely attributable to factors other
than the MAR treatment itself.",2,1,haber
"""These improvements were greater with a low-fat vegan diet.""",2,0,pubmed
Thymic size in infancy was not significantly associated with maternal supplement group at any post-natal time point.,2,1,haber
"Among adults with isovolemic anemia following radical gastrectomy, the use of ferric carboxymaltose compared with placebo was more likely to result in improved hemoglobin response at 12 weeks",2,1,haber
"These findings suggest that current WHO-recommended ART regimens appear relatively safe in pregnancy, although more data are required to understand the aetiology of preterm delivery in HIV-infected women using ART.",2,1,haber
"Low doses of aspirin (75–100 mg) were only effective in preventing vascular events in patients weighing less than 70 kg, and had no benefit in the 80% of men and nearly 50% of all women weighing 70 kg or more.",2,0,haber
"Among patients receiving antithrombotic therapy after MI, the use of NSAIDs was associated with increased risk of bleeding and excess thrombotic events, even after short-term treatment.",2,1,haber
Our results suggest a public health message that low frequency of cigarette consumption contributes to the development of HNC.,2,1,haber
"The adjuvanted monovalent vaccine against pandemic influenza A/H1N1 was offered late in the 2009-10 influenza season. Among chronically ill people, this vaccine offered protection against laboratory confirmed H1N1 infection but only offered non-significant protection against influenza related hospital admissions confirmed as H1N1 infection",2,1,haber
"Our findings suggested that the increased plasma level of 27-OHC was associated with MCI, suggesting high plasma levels of 27-OHC may pay an important role in the development of MCI.",2,1,pubmed
Cranberry juice did not significantly reduce UTI risk compared with placebo.,2,0,haber
"However, individuals with  higher cancer information overload were 8 times more likely to screen if they  received tailored messages",2,0,haber
"In diabetic patients with MV-CAD, CABG was associated with a lower rate of long-term MACCE relative\\xa0to PCI for both ACS and SIHD.",2,1,pubmed
Circulating cotinine concentrations are consistently associated with lung cancer risk for current smokers and provide additional risk-discriminative information compared with self-report smoking alone.,2,1,haber
"STIs can make HIV easier to transmit even after antiretroviral therapy has begun, so rooting out STI co-infections in patients should improve HIV prevention.",2,1,press_release
A history of a previous DFI episode did not predict a greater likelihood of any antibiotic-resistant isolate in subsequent episodes.,2,1,pubmed
"""In type 2 diabetes patients, leukocyte telomere length is significantly reduced, whereas the telomerase activity seems less influenced.""",2,0,pubmed
"Mild PTSD symptoms are common in patients with lung cancer 6 months after treatment; however, a full diagnosis of PTSD is uncommon.",2,0,pubmed
Substantial WL may predict for poor overall survival.,2,1,pubmed
"The use of trastuzumab, chemotherapy and surgery among women with HER2-positive metastatic breast cancer significantly improved survival from the time central nervous system metastases were diagnosed.",2,0,press_release
"In this contemporary cohort, incidence of fever was low but CD4 cell count less than 200/mm³ remained associated with the highest incidence of fever.",2,1,pubmed
Preterm and early term birth are strong risk factors for the development of CKD from childhood into mid-adulthood.,2,0,haber
An elevated BMI in adolescence — one that is well within the range currently considered to be normal — constitutes a substantial risk factor for obesity-related disorders in midlife.,2,0,haber
"The risk of different ID in the UK is significantly influenced by the season of birth, suggesting the presence of a shared seasonal risk factor or factors predisposing to ID.",2,1,haber
"Healthcare professional weight loss advice appears to increase the accuracy of
firefighter weight perceptions, promote weight loss attempts, and may encourage dieting and physical activity behaviors among overweight firefighters",2,1,haber
"A stepped-care intervention that combined analgesics, self-management strategies, and brief cognitive behavioral therapy resulted in statistically significant reductions in pain-related disability, pain interference, and pain severity in veterans with chronic musculoskeletal pain.",2,0,haber
Randomized controlled trials documented effectiveness of the Legacy model over time while allowing for implementation adaptations by 2 different sites.,2,0,haber
"Limited evidence of Level II-2, fair quality, concerning whether CHC  use modifies the risk of AMI and stroke in obese women is inconclusive, while a single study of Level II-2, poor quality, found that obese COC users may be at higher risk for CVT compared with normal-weight nonusers.",2,0,pubmed
"The  intragastric pressure rise inducing this effect is well\\xa0within the range associated with differing waist circumference and likely to be relevant to the association between obesity and reflux disease.""",2,0,pubmed
Individuals with high plasma furin concentration have a pronounced dysmetabolic phe- notype and elevated risk of diabetes mellitus,2,0,haber
Proper patient selection is an important variable.,2,0,pubmed
Elderly caregivers of elderly people who have higher levels of burden have lower perceived social support.,2,0,pubmed
